[
  {
    "date": "2025-10-18",
    "cve": "CVE-2024-12345",
    "vendor": "Cisco",
    "product": "IOS XE",
    "cvss": 9.8,
    "epss": 0.86,
    "kev": true,
    "exploit_poc": true,
    "trend_mentions": 3,
    "ai_context": 0.8,
    "aura_score": 87,
    "summary": "CVE-2024-12345 \u2014 High. Targeting Cisco IOS XE; confirmed exploited (KEV), public PoC available, trend mentions: 3. Prioritize patching and restrict internet-facing access where possible.",
    "score_breakdown": {
      "cvss_weight": 0.3,
      "cvss_norm": 0.9800000000000001,
      "epss_weight": 0.2,
      "epss_norm": 0.86,
      "kev_weight": 0.2,
      "kev_norm": 1.0,
      "exploit_weight": 0.15,
      "exploit_norm": 1.0,
      "trend_weight": 0.1,
      "trend_norm": 0.15,
      "ai_weight": 0.05,
      "ai_norm": 0.8
    }
  },
  {
    "date": "2025-10-18",
    "cve": "CVE-2024-33333",
    "vendor": "Fortinet",
    "product": "FortiOS",
    "cvss": 8.8,
    "epss": 0.64,
    "kev": true,
    "exploit_poc": true,
    "trend_mentions": 8,
    "ai_context": 0.8,
    "aura_score": 82,
    "summary": "CVE-2024-33333 \u2014 High. Targeting Fortinet FortiOS; confirmed exploited (KEV), public PoC available, trend mentions: 8. Prioritize patching and restrict internet-facing access where possible.",
    "score_breakdown": {
      "cvss_weight": 0.3,
      "cvss_norm": 0.8800000000000001,
      "epss_weight": 0.2,
      "epss_norm": 0.64,
      "kev_weight": 0.2,
      "kev_norm": 1.0,
      "exploit_weight": 0.15,
      "exploit_norm": 1.0,
      "trend_weight": 0.1,
      "trend_norm": 0.4,
      "ai_weight": 0.05,
      "ai_norm": 0.8
    }
  },
  {
    "date": "2025-10-18",
    "cve": "CVE-2024-56789",
    "vendor": "Microsoft",
    "product": "Exchange Server",
    "cvss": 8.2,
    "epss": 0.72,
    "kev": true,
    "exploit_poc": false,
    "trend_mentions": 0,
    "ai_context": 0.6,
    "aura_score": 62,
    "summary": "CVE-2024-56789 \u2014 Moderate. Targeting Microsoft Exchange Server; confirmed exploited (KEV), no public PoC observed, trend mentions: 0. Prioritize patching and restrict internet-facing access where possible.",
    "score_breakdown": {
      "cvss_weight": 0.3,
      "cvss_norm": 0.82,
      "epss_weight": 0.2,
      "epss_norm": 0.72,
      "kev_weight": 0.2,
      "kev_norm": 1.0,
      "exploit_weight": 0.15,
      "exploit_norm": 0.0,
      "trend_weight": 0.1,
      "trend_norm": 0.0,
      "ai_weight": 0.05,
      "ai_norm": 0.6
    }
  }
]